Subject,Strategy,Validation_Accuracy,Test_Accuracy
079,None,0.7575757575757575,0.8518518518518517
079,All Combined,0.6666666666666666,0.7777777777777778
079,Only add_noise,0.8181818181818182,0.7777777777777778
079,Only scale_amplitude,0.787878787878788,0.8518518518518517
079,Only spectral_perturbation,0.7272727272727272,0.7777777777777778
079,Only smooth_warping,0.6969696969696969,0.8148148148148149
079,Only frequency_band_noise,0.7272727272727274,0.8518518518518517
079,Only channel_dropout,0.7272727272727274,0.8518518518518517
079,Only temporal_shift,0.7272727272727272,0.7777777777777778
079,Only neural_jitter,0.7272727272727274,0.8148148148148148
079,Only trial_mixup,0.787878787878788,0.8148148148148148
079,Temporal Combo,0.6969696969696969,0.6666666666666666
079,Spectral Combo,0.7272727272727274,0.8148148148148148
079,Noise Combo,0.7575757575757577,0.7037037037037037
079,Best Combo,0.7575757575757575,0.8518518518518517
011,None,0.6969696969696969,0.4074074074074074
011,All Combined,0.6666666666666666,0.48148148148148145
011,Only add_noise,0.7272727272727274,0.4444444444444444
011,Only scale_amplitude,0.7272727272727272,0.4074074074074074
011,Only spectral_perturbation,0.6969696969696969,0.4444444444444444
011,Only smooth_warping,0.6969696969696969,0.4444444444444444
011,Only frequency_band_noise,0.7575757575757575,0.48148148148148145
011,Only channel_dropout,0.7878787878787877,0.3703703703703704
011,Only temporal_shift,0.6969696969696969,0.4444444444444444
011,Only neural_jitter,0.7575757575757575,0.4444444444444444
011,Only trial_mixup,0.7575757575757575,0.4074074074074074
011,Temporal Combo,0.6969696969696969,0.4074074074074074
011,Spectral Combo,0.7575757575757575,0.4074074074074074
011,Noise Combo,0.6060606060606061,0.4444444444444444
011,Best Combo,0.7272727272727272,0.4074074074074074
005,None,0.6272727272727273,0.5185185185185185
005,All Combined,0.5606060606060607,0.6666666666666666
005,Only add_noise,0.6575757575757576,0.6666666666666666
005,Only scale_amplitude,0.6242424242424242,0.6296296296296297
005,Only spectral_perturbation,0.5969696969696969,0.6666666666666666
005,Only smooth_warping,0.5969696969696969,0.7037037037037037
005,Only frequency_band_noise,0.5636363636363636,0.6666666666666666
005,Only channel_dropout,0.5636363636363636,0.6666666666666666
005,Only temporal_shift,0.5333333333333333,0.6296296296296297
005,Only neural_jitter,0.5636363636363636,0.6666666666666666
005,Only trial_mixup,0.5333333333333333,0.7037037037037037
005,Temporal Combo,0.5636363636363636,0.6296296296296297
005,Spectral Combo,0.5636363636363636,0.6666666666666666
005,Noise Combo,0.5939393939393939,0.7037037037037037
005,Best Combo,0.5969696969696969,0.5925925925925927
085,None,0.7272727272727274,0.8148148148148148
085,All Combined,0.7575757575757575,0.8148148148148148
085,Only add_noise,0.6666666666666666,0.7407407407407408
085,Only scale_amplitude,0.6666666666666666,0.7407407407407408
085,Only spectral_perturbation,0.48484848484848486,0.7407407407407408
085,Only smooth_warping,0.5757575757575758,0.8148148148148148
085,Only frequency_band_noise,0.5151515151515151,0.7407407407407408
085,Only channel_dropout,0.48484848484848486,0.7407407407407408
085,Only temporal_shift,0.6060606060606061,0.7777777777777777
085,Only neural_jitter,0.6060606060606061,0.7777777777777777
085,Only trial_mixup,0.6969696969696969,0.7407407407407408
085,Temporal Combo,0.5454545454545454,0.7777777777777777
085,Spectral Combo,0.48484848484848486,0.7407407407407408
085,Noise Combo,0.5757575757575757,0.7777777777777777
085,Best Combo,0.5757575757575758,0.7777777777777778
065,None,0.8005050505050506,0.7407407407407408
065,All Combined,0.7449494949494949,0.7037037037037037
065,Only add_noise,0.6893939393939394,0.6666666666666666
065,Only scale_amplitude,0.7727272727272728,0.7407407407407408
065,Only spectral_perturbation,0.7727272727272728,0.7407407407407408
065,Only smooth_warping,0.8005050505050506,0.7037037037037037
065,Only frequency_band_noise,0.8005050505050506,0.7037037037037037
065,Only channel_dropout,0.8005050505050506,0.7037037037037037
065,Only temporal_shift,0.7449494949494949,0.7037037037037037
065,Only neural_jitter,0.8005050505050506,0.7037037037037037
065,Only trial_mixup,0.8005050505050506,0.7407407407407408
065,Temporal Combo,0.7146464646464646,0.7407407407407408
065,Spectral Combo,0.7727272727272728,0.7407407407407408
065,Noise Combo,0.7449494949494949,0.7037037037037037
065,Best Combo,0.8005050505050506,0.7407407407407408
