,Strategy,mean_val,std_val,mean_test,std_test
9,Only smooth_warping,0.6734343434343434,0.09033601639194393,0.6962962962962963,0.15135419808668557
0,All Combined,0.6792929292929293,0.0788105380521577,0.6888888888888889,0.12989391049444582
6,Only frequency_band_noise,0.6728282828282828,0.12573039339508704,0.6888888888888889,0.13507098169489237
7,Only neural_jitter,0.6910101010101011,0.1014588516679416,0.6814814814814815,0.14487116456005883
12,Only trial_mixup,0.7152525252525253,0.10927336967192512,0.6814814814814815,0.15843888619412919
1,Best Combo,0.6916161616161616,0.09982486449309198,0.674074074074074,0.1764611740677273
8,Only scale_amplitude,0.7157575757575757,0.06957829158092692,0.674074074074074,0.16850834320114558
10,Only spectral_perturbation,0.6557575757575758,0.1152830190097078,0.674074074074074,0.13456223795988856
13,Spectral Combo,0.6612121212121213,0.12914211532421646,0.674074074074074,0.1580054000570485
5,Only channel_dropout,0.6728282828282828,0.14121035099539278,0.6666666666666667,0.17954369842282697
2,Noise Combo,0.6556565656565656,0.08805306068369087,0.6666666666666666,0.12830005981991685
3,None,0.721919191919192,0.06529972961886682,0.6666666666666666,0.19422386077225023
11,Only temporal_shift,0.6617171717171717,0.08950971216909721,0.6666666666666666,0.13857990321384966
4,Only add_noise,0.7118181818181819,0.06526065559005734,0.6592592592592592,0.1293648088635036
14,Temporal Combo,0.6435353535353535,0.08180914029104376,0.6444444444444445,0.14487116456005883
