timestamp,mode,base_model,subjects,trials,val_accuracy,notes
2025-12-11T05:58:18.369320,scratch,,1,773,0.567741935483871,"csp_components=6;runs=['01', '02', '03', '04', '05', '06', '07', '08']"
2025-12-11T06:20:15.711521,transfer,../model/models/base_model_90_subjects.pt,1,773,0.6387096774193548,"csp_components=6;runs=['01', '02', '03', '04', '05', '06', '07', '08'];target_channels=14"
2025-12-11T06:24:40.262953,transfer,../model/models/base_model_90_subjects.pt,1,773,0.6516129032258065,"csp_components=6;runs=['01', '02', '03', '04', '05', '06', '07', '08'];target_channels=14"
2025-12-11T18:26:26.477744,scratch,,1,189,0.6052631578947368,"csp_components=6;runs=['01', '02'];target_channels=16"
2025-12-11T18:26:41.015805,transfer,/home/connor/LIINC/model/models/base_model_90_subjects.pt,1,189,0.7368421052631579,"csp_components=6;runs=['01', '02'];target_channels=14"
2025-12-11T18:26:54.727225,scratch,,1,383,0.6623376623376623,"csp_components=6;runs=['01', '02', '03', '04'];target_channels=16"
2025-12-11T18:27:14.367236,transfer,/home/connor/LIINC/model/models/base_model_90_subjects.pt,1,383,0.7142857142857143,"csp_components=6;runs=['01', '02', '03', '04'];target_channels=14"
2025-12-11T18:54:33.775008,scratch,,1,189,0.631578947368421,"csp_components=6;runs=['01', '02'];target_channels=16"
2025-12-11T18:54:46.367962,transfer,/home/connor/LIINC/model/models/base_model_90_subjects.pt,1,189,0.7631578947368421,"csp_components=6;runs=['01', '02'];target_channels=14"
2025-12-11T18:54:56.202363,scratch,,1,383,0.6363636363636364,"csp_components=6;runs=['01', '02', '03', '04'];target_channels=16"
2025-12-11T18:55:16.144268,transfer,/home/connor/LIINC/model/models/base_model_90_subjects.pt,1,383,0.6493506493506493,"csp_components=6;runs=['01', '02', '03', '04'];target_channels=14"
2025-12-11T18:55:32.522756,scratch,,1,773,0.5290322580645161,"csp_components=6;runs=['01', '02', '03', '04', '05', '06', '07', '08'];target_channels=16"
2025-12-11T18:56:05.662607,transfer,/home/connor/LIINC/model/models/base_model_90_subjects.pt,1,773,0.6387096774193548,"csp_components=6;runs=['01', '02', '03', '04', '05', '06', '07', '08'];target_channels=14"
2025-12-11T18:56:13.053587,scratch,,1,189,0.5789473684210527,"csp_components=6;runs=['01', '02'];target_channels=16"
2025-12-11T18:56:25.997794,transfer,/home/connor/LIINC/model/models/base_model_90_subjects.pt,1,189,0.7368421052631579,"csp_components=6;runs=['01', '02'];target_channels=14"
2025-12-11T18:56:36.553159,scratch,,1,383,0.5844155844155844,"csp_components=6;runs=['01', '02', '03', '04'];target_channels=16"
2025-12-11T18:56:53.892664,transfer,/home/connor/LIINC/model/models/base_model_90_subjects.pt,1,383,0.6363636363636364,"csp_components=6;runs=['01', '02', '03', '04'];target_channels=14"
2025-12-11T18:57:15.667462,scratch,,1,773,0.5612903225806452,"csp_components=6;runs=['01', '02', '03', '04', '05', '06', '07', '08'];target_channels=16"
2025-12-11T18:57:40.896567,transfer,/home/connor/LIINC/model/models/base_model_90_subjects.pt,1,773,0.5870967741935483,"csp_components=6;runs=['01', '02', '03', '04', '05', '06', '07', '08'];target_channels=14"
2025-12-11T19:01:24.581399,scratch,,1,189,0.6052631578947368,"csp_components=6;runs=['01', '02'];target_channels=16"
2025-12-11T19:01:36.895939,transfer,/home/connor/LIINC/model/models/base_model_90_subjects.pt,1,189,0.7631578947368421,"csp_components=6;runs=['01', '02'];target_channels=14"
2025-12-11T19:01:47.578274,scratch,,1,383,0.6363636363636364,"csp_components=6;runs=['01', '02', '03', '04'];target_channels=16"
2025-12-11T19:02:06.956868,transfer,/home/connor/LIINC/model/models/base_model_90_subjects.pt,1,383,0.6493506493506493,"csp_components=6;runs=['01', '02', '03', '04'];target_channels=14"
2025-12-11T19:02:25.564867,scratch,,1,773,0.5483870967741935,"csp_components=6;runs=['01', '02', '03', '04', '05', '06', '07', '08'];target_channels=16"
2025-12-11T19:02:49.858260,transfer,/home/connor/LIINC/model/models/base_model_90_subjects.pt,1,773,0.5741935483870968,"csp_components=6;runs=['01', '02', '03', '04', '05', '06', '07', '08'];target_channels=14"
2025-12-11T19:02:56.967978,scratch,,1,189,0.631578947368421,"csp_components=6;runs=['01', '02'];target_channels=16"
2025-12-11T19:03:09.600462,transfer,/home/connor/LIINC/model/models/base_model_90_subjects.pt,1,189,0.7105263157894737,"csp_components=6;runs=['01', '02'];target_channels=14"
2025-12-11T19:03:20.569438,scratch,,1,383,0.5714285714285714,"csp_components=6;runs=['01', '02', '03', '04'];target_channels=16"
2025-12-11T19:03:38.874662,transfer,/home/connor/LIINC/model/models/base_model_90_subjects.pt,1,383,0.6233766233766234,"csp_components=6;runs=['01', '02', '03', '04'];target_channels=14"
2025-12-11T19:04:01.223232,scratch,,1,773,0.5612903225806452,"csp_components=6;runs=['01', '02', '03', '04', '05', '06', '07', '08'];target_channels=16"
2025-12-11T19:04:27.436201,transfer,/home/connor/LIINC/model/models/base_model_90_subjects.pt,1,773,0.6064516129032258,"csp_components=6;runs=['01', '02', '03', '04', '05', '06', '07', '08'];target_channels=14"
2025-12-11T19:04:35.989049,scratch,,1,189,0.6052631578947368,"csp_components=6;runs=['01', '02'];target_channels=16"
2025-12-11T19:04:49.865314,transfer,/home/connor/LIINC/model/models/base_model_90_subjects.pt,1,189,0.7368421052631579,"csp_components=6;runs=['01', '02'];target_channels=14"
2025-12-11T19:05:05.029499,scratch,,1,383,0.6493506493506493,"csp_components=6;runs=['01', '02', '03', '04'];target_channels=16"
2025-12-11T19:05:24.680494,transfer,/home/connor/LIINC/model/models/base_model_90_subjects.pt,1,383,0.6493506493506493,"csp_components=6;runs=['01', '02', '03', '04'];target_channels=14"
2025-12-11T19:05:50.306457,scratch,,1,773,0.5870967741935483,"csp_components=6;runs=['01', '02', '03', '04', '05', '06', '07', '08'];target_channels=16"
2025-12-11T19:06:22.402395,transfer,/home/connor/LIINC/model/models/base_model_90_subjects.pt,1,773,0.632258064516129,"csp_components=6;runs=['01', '02', '03', '04', '05', '06', '07', '08'];target_channels=14"
2025-12-11T20:01:03.519690,scratch,,1,773,0.5851063829787234,"csp_components=6;runs=['01', '02', '03', '04', '05', '06', '07', '08'];target_channels=16;seed=0;val_split=0.0;split=leave_one_run_out;train_runs=['02', '03', '04', '05', '06', '07', '08'];test_run=01;metric=val_accuracy;notes_extra=experiment=runwise;timestamp=2025-12-11T20:00:50.682145"
2025-12-11T20:01:22.208807,transfer,/home/connor/LIINC/model/models/base_model_90_subjects.pt,1,773,0.5212765957446809,"csp_components=6;runs=['01', '02', '03', '04', '05', '06', '07', '08'];target_channels=14;seed=0;val_split=0.0;split=leave_one_run_out;train_runs=['02', '03', '04', '05', '06', '07', '08'];test_run=01;metric=val_accuracy;notes_extra=experiment=runwise;timestamp=2025-12-11T20:01:03.531445"
2025-12-11T20:01:28.836519,ts_lr,,1,800,0.72,"csp_components=6;runs=['01', '02', '03', '04', '05', '06', '07', '08'];seed=0;val_split=0.0;split=leave_one_run_out;train_runs=['02', '03', '04', '05', '06', '07', '08'];test_run=01;metric=val_accuracy;baseline=ts_lr;tslr_tmin=0.5;tslr_tmax=2.0;tslr_use_csd=1;tslr_cov_est=lwf"
2025-12-11T20:01:44.008544,scratch,,1,773,0.5789473684210527,"csp_components=6;runs=['01', '02', '03', '04', '05', '06', '07', '08'];target_channels=16;seed=0;val_split=0.0;split=leave_one_run_out;train_runs=['01', '03', '04', '05', '06', '07', '08'];test_run=02;metric=val_accuracy;notes_extra=experiment=runwise;timestamp=2025-12-11T20:01:28.837717"
2025-12-11T20:02:02.315021,transfer,/home/connor/LIINC/model/models/base_model_90_subjects.pt,1,773,0.7368421052631579,"csp_components=6;runs=['01', '02', '03', '04', '05', '06', '07', '08'];target_channels=14;seed=0;val_split=0.0;split=leave_one_run_out;train_runs=['01', '03', '04', '05', '06', '07', '08'];test_run=02;metric=val_accuracy;notes_extra=experiment=runwise;timestamp=2025-12-11T20:01:44.020520"
2025-12-11T20:02:08.615006,ts_lr,,1,800,0.63,"csp_components=6;runs=['01', '02', '03', '04', '05', '06', '07', '08'];seed=0;val_split=0.0;split=leave_one_run_out;train_runs=['01', '03', '04', '05', '06', '07', '08'];test_run=02;metric=val_accuracy;baseline=ts_lr;tslr_tmin=0.5;tslr_tmax=2.0;tslr_use_csd=1;tslr_cov_est=lwf"
2025-12-11T20:02:23.951594,scratch,,1,773,0.6082474226804123,"csp_components=6;runs=['01', '02', '03', '04', '05', '06', '07', '08'];target_channels=16;seed=0;val_split=0.0;split=leave_one_run_out;train_runs=['01', '02', '04', '05', '06', '07', '08'];test_run=03;metric=val_accuracy;notes_extra=experiment=runwise;timestamp=2025-12-11T20:02:08.615741"
2025-12-11T20:02:42.024913,transfer,/home/connor/LIINC/model/models/base_model_90_subjects.pt,1,773,0.7010309278350515,"csp_components=6;runs=['01', '02', '03', '04', '05', '06', '07', '08'];target_channels=14;seed=0;val_split=0.0;split=leave_one_run_out;train_runs=['01', '02', '04', '05', '06', '07', '08'];test_run=03;metric=val_accuracy;notes_extra=experiment=runwise;timestamp=2025-12-11T20:02:23.965315"
2025-12-11T20:02:48.361669,ts_lr,,1,800,0.61,"csp_components=6;runs=['01', '02', '03', '04', '05', '06', '07', '08'];seed=0;val_split=0.0;split=leave_one_run_out;train_runs=['01', '02', '04', '05', '06', '07', '08'];test_run=03;metric=val_accuracy;baseline=ts_lr;tslr_tmin=0.5;tslr_tmax=2.0;tslr_use_csd=1;tslr_cov_est=lwf"
2025-12-11T20:03:00.509765,scratch,,1,773,0.4948453608247423,"csp_components=6;runs=['01', '02', '03', '04', '05', '06', '07', '08'];target_channels=16;seed=0;val_split=0.0;split=leave_one_run_out;train_runs=['01', '02', '03', '05', '06', '07', '08'];test_run=04;metric=val_accuracy;notes_extra=experiment=runwise;timestamp=2025-12-11T20:02:48.362406"
2025-12-11T20:03:18.612862,transfer,/home/connor/LIINC/model/models/base_model_90_subjects.pt,1,773,0.6804123711340206,"csp_components=6;runs=['01', '02', '03', '04', '05', '06', '07', '08'];target_channels=14;seed=0;val_split=0.0;split=leave_one_run_out;train_runs=['01', '02', '03', '05', '06', '07', '08'];test_run=04;metric=val_accuracy;notes_extra=experiment=runwise;timestamp=2025-12-11T20:03:00.523158"
2025-12-11T20:03:25.018569,ts_lr,,1,800,0.54,"csp_components=6;runs=['01', '02', '03', '04', '05', '06', '07', '08'];seed=0;val_split=0.0;split=leave_one_run_out;train_runs=['01', '02', '03', '05', '06', '07', '08'];test_run=04;metric=val_accuracy;baseline=ts_lr;tslr_tmin=0.5;tslr_tmax=2.0;tslr_use_csd=1;tslr_cov_est=lwf"
2025-12-11T20:03:39.487619,scratch,,1,773,0.5408163265306123,"csp_components=6;runs=['01', '02', '03', '04', '05', '06', '07', '08'];target_channels=16;seed=0;val_split=0.0;split=leave_one_run_out;train_runs=['01', '02', '03', '04', '06', '07', '08'];test_run=05;metric=val_accuracy;notes_extra=experiment=runwise;timestamp=2025-12-11T20:03:25.019308"
2025-12-11T20:03:57.956472,transfer,/home/connor/LIINC/model/models/base_model_90_subjects.pt,1,773,0.6428571428571429,"csp_components=6;runs=['01', '02', '03', '04', '05', '06', '07', '08'];target_channels=14;seed=0;val_split=0.0;split=leave_one_run_out;train_runs=['01', '02', '03', '04', '06', '07', '08'];test_run=05;metric=val_accuracy;notes_extra=experiment=runwise;timestamp=2025-12-11T20:03:39.501599"
2025-12-11T20:04:04.234545,ts_lr,,1,800,0.57,"csp_components=6;runs=['01', '02', '03', '04', '05', '06', '07', '08'];seed=0;val_split=0.0;split=leave_one_run_out;train_runs=['01', '02', '03', '04', '06', '07', '08'];test_run=05;metric=val_accuracy;baseline=ts_lr;tslr_tmin=0.5;tslr_tmax=2.0;tslr_use_csd=1;tslr_cov_est=lwf"
2025-12-11T20:04:16.437937,scratch,,1,773,0.5714285714285714,"csp_components=6;runs=['01', '02', '03', '04', '05', '06', '07', '08'];target_channels=16;seed=0;val_split=0.0;split=leave_one_run_out;train_runs=['01', '02', '03', '04', '05', '07', '08'];test_run=06;metric=val_accuracy;notes_extra=experiment=runwise;timestamp=2025-12-11T20:04:04.235249"
2025-12-11T20:04:34.661218,transfer,/home/connor/LIINC/model/models/base_model_90_subjects.pt,1,773,0.7040816326530612,"csp_components=6;runs=['01', '02', '03', '04', '05', '06', '07', '08'];target_channels=14;seed=0;val_split=0.0;split=leave_one_run_out;train_runs=['01', '02', '03', '04', '05', '07', '08'];test_run=06;metric=val_accuracy;notes_extra=experiment=runwise;timestamp=2025-12-11T20:04:16.452040"
2025-12-11T20:04:40.986696,ts_lr,,1,800,0.48,"csp_components=6;runs=['01', '02', '03', '04', '05', '06', '07', '08'];seed=0;val_split=0.0;split=leave_one_run_out;train_runs=['01', '02', '03', '04', '05', '07', '08'];test_run=06;metric=val_accuracy;baseline=ts_lr;tslr_tmin=0.5;tslr_tmax=2.0;tslr_use_csd=1;tslr_cov_est=lwf"
2025-12-11T20:04:56.351068,scratch,,1,773,0.5757575757575758,"csp_components=6;runs=['01', '02', '03', '04', '05', '06', '07', '08'];target_channels=16;seed=0;val_split=0.0;split=leave_one_run_out;train_runs=['01', '02', '03', '04', '05', '06', '08'];test_run=07;metric=val_accuracy;notes_extra=experiment=runwise;timestamp=2025-12-11T20:04:40.987429"
2025-12-11T20:05:14.623547,transfer,/home/connor/LIINC/model/models/base_model_90_subjects.pt,1,773,0.7676767676767676,"csp_components=6;runs=['01', '02', '03', '04', '05', '06', '07', '08'];target_channels=14;seed=0;val_split=0.0;split=leave_one_run_out;train_runs=['01', '02', '03', '04', '05', '06', '08'];test_run=07;metric=val_accuracy;notes_extra=experiment=runwise;timestamp=2025-12-11T20:04:56.364696"
2025-12-11T20:05:20.941986,ts_lr,,1,800,0.63,"csp_components=6;runs=['01', '02', '03', '04', '05', '06', '07', '08'];seed=0;val_split=0.0;split=leave_one_run_out;train_runs=['01', '02', '03', '04', '05', '06', '08'];test_run=07;metric=val_accuracy;baseline=ts_lr;tslr_tmin=0.5;tslr_tmax=2.0;tslr_use_csd=1;tslr_cov_est=lwf"
2025-12-11T20:05:33.262913,scratch,,1,773,0.5263157894736842,"csp_components=6;runs=['01', '02', '03', '04', '05', '06', '07', '08'];target_channels=16;seed=0;val_split=0.0;split=leave_one_run_out;train_runs=['01', '02', '03', '04', '05', '06', '07'];test_run=08;metric=val_accuracy;notes_extra=experiment=runwise;timestamp=2025-12-11T20:05:20.942728"
2025-12-11T20:05:51.311258,transfer,/home/connor/LIINC/model/models/base_model_90_subjects.pt,1,773,0.6842105263157895,"csp_components=6;runs=['01', '02', '03', '04', '05', '06', '07', '08'];target_channels=14;seed=0;val_split=0.0;split=leave_one_run_out;train_runs=['01', '02', '03', '04', '05', '06', '07'];test_run=08;metric=val_accuracy;notes_extra=experiment=runwise;timestamp=2025-12-11T20:05:33.275560"
2025-12-11T20:05:57.799607,ts_lr,,1,800,0.74,"csp_components=6;runs=['01', '02', '03', '04', '05', '06', '07', '08'];seed=0;val_split=0.0;split=leave_one_run_out;train_runs=['01', '02', '03', '04', '05', '06', '07'];test_run=08;metric=val_accuracy;baseline=ts_lr;tslr_tmin=0.5;tslr_tmax=2.0;tslr_use_csd=1;tslr_cov_est=lwf"
2025-12-11T20:06:06.846222,scratch,,1,481,0.6020408163265306,"csp_components=6;runs=['01', '02', '03', '04', '05'];target_channels=16;seed=0;val_split=0.0;split=holdout_run;train_runs=['01', '02', '03', '04'];test_run=05;metric=val_accuracy;notes_extra=experiment=runwise;timestamp=2025-12-11T20:05:57.800549"
2025-12-11T20:06:18.554447,transfer,/home/connor/LIINC/model/models/base_model_90_subjects.pt,1,481,0.6224489795918368,"csp_components=6;runs=['01', '02', '03', '04', '05'];target_channels=14;seed=0;val_split=0.0;split=holdout_run;train_runs=['01', '02', '03', '04'];test_run=05;metric=val_accuracy;notes_extra=experiment=runwise;timestamp=2025-12-11T20:06:06.861818"
2025-12-11T20:06:22.461124,ts_lr,,1,500,0.51,"csp_components=6;runs=['01', '02', '03', '04', '05', '06', '07', '08'];seed=0;val_split=0.0;split=holdout_run;train_runs=['01', '02', '03', '04'];test_run=05;metric=val_accuracy;baseline=ts_lr;tslr_tmin=0.5;tslr_tmax=2.0;tslr_use_csd=1;tslr_cov_est=lwf"
